<?xml version="1.0" encoding="UTF-8" standalone="yes"?>
<addon id="plugin.video.Popeye" name="Popeye Wizard" version="1" provider-name="Big John">
  <requires>
    <import addon="xbmc.python" version="2.1.0"/>
  </requires>
  <extension point="xbmc.python.pluginsource" library="default.py">
        <provides>video executable</provides>
  </extension>
  <extension point="xbmc.addon.metadata">
		<summary lang="en">Popeye Wizard</summary>
				<platform>all</platform>
	</extension>
</addon>
